v_name,v_cat,avg_dist_2_neighborhood,cnt_near_neighborhood,restaurant_id,lat,lng,avg_rate,nearby_rec,rating,menu
Cooler Runnings Jamaican Restaurant Inc,Caribbean Restaurant,479,1,508af256e4b0578944c87392,40.89827622,-73.85038105,6.416666667,10,6.5,
McDonald's,Fast Food Restaurant,904,1,4be5f0eacf200f47d1fa133c,40.90264545,-73.84948544,6.4,13,6.5,"Big Mac??|Cheeseburger|Double Cheeseburger|Hamburger|Quarter Pounder?? Hamburger|Double Quarter Pounder?? with Cheese|Mcdouble??|Grilled Artisan Chicken|Chicken Mcnuggets??|Filet-O-Fish??|Mcchicken??|Buttermilk Crispy Chicken|Bacon Ranch Grilled Chicken Salad|Egg Mcmuffin??|Sausage Mcmuffin?? with Egg|Sausage Mcmuffin??|Sausage Biscuit|Bacon, Egg & Cheese Mcgriddles??|Sausage Mcgriddles??|Sausage, Egg & Cheese Mcgriddles??|Sausage Burrito|Hotcakes & Sausage|Hotcakes|Big Breakfast|Big Breakfast with Hotcakes|Hashbrown|Apple Slices|Fruit N Yogurt Parfait|Egg White Delight Mcmuffin??|Bacon Egg & Cheese Biscuit|Sausage Biscuit with Egg|Fruit & Maple Oatmeal|Hashbrown|World Famous Fries??|Apple Slices|Fruit N Yogurt Parfait|Side Salad|Yoplait?? Go-Gurt Low Fat Strawberry Yogurt|Mccaf???? Chocolate Shake|Mccaf???? Strawberry Shake|Mccaf???? Vanilla Shake|Vanilla Cone|Hot Fudge Sundae|Mcflurry?? with M&M's?? Candies|Kiddie Cone|Hot Caramel Sundae|Strawberry Sundae|Mcflurry?? with Oreo?? Cookies|Baked Apple Pie|Strawberry & Cr??me Pie|Chocolate Chip Cookie|Oatmeal Raisin Cookie|Happy Meal Hamburger|Happy Meal Cheeseburger|Happy Meal 4 Mcnuggets??|Mighty Kids Meal 6 Mcnuggets??|Bacon Ranch Salad with Buttermilk Crispy Chicken|Bacon Ranched Grilled Chicken Salad|Southwest Buttermilk Crispy Chicken Salad|Southwest Grilled Chicken Salad|Side Salad|Mccaf???? Strawberry Banana Smoothie|Mccaf???? Mango Pineapple Smoothie|Mccaf???? Mocha Frapp??|Mccaf???? Caramel Frapp??|Mccaf???? Mocha|Mccaf???? Caramel Mocha|Mccaf???? Iced Mocha|Mccaf???? Iced Caramel Mocha|Mccaf???? Latte|Mccaf???? Caramel Latte|Mccaf???? French Vanilla Latte|Mccaf???? Iced Latte|Mccaf???? Iced Coffee|Mccaf???? Hot Chocolate|Mccaf???? Coffee|Mccaf???? Caramel Iced Coffee|Iced Tea|Sweet Tea|Mccaf???? French Vanilla Iced Coffee|Coca-Cola??|Diet Coke??|Sprite??|Dr. Pepper??|Diet Dr. Pepper??|Powerade?? Mountain Berry Blast|Dasani?? Water|1% Low Fat Milk Jug|Fat Free Chocolate Milk Jug|Honest Kids Appley Ever After Organic Juice Drink"
241 St Cafe & Restaurant,American Restaurant,1019,1,4c010e75cf3aa593825eccb0,40.9035734,-73.85022836,6.4,12,6.6,
Ripe Kitchen & Bar,Caribbean Restaurant,798,1,4d375ce799fe8eec99fd2355,40.89815169,-73.838875,6.7,14,8.7,Cuban Plantain Boat|Jerk Chicken Quesadilla|Strawberry Hill Codfish Spring Rolls|Island Style Spicy Peppered Shrimp|Ripes Big-Ass Jerk Rib-Eye Steak|Ripes Original Backyard Jerk Chicken|Yard Gone to Italy (Rasta Pasta)|The Jerk Chicken Salad|Negril Style Curried Shrimp|Jamaican Beachside Style Fried Fish|Kingston Curried Goat|Mixed Baby Field Green Salad|Sauteed Organic Spinach|Rice & Peas
Townhouse Restaurant,Restaurant,218,1,4be2b79d660ec9284d04ca3b,40.87608589,-73.82886815,5.9,10,5.6,
Restaurant Depot,Kitchen Supply Store,1243,1,4baa6a69f964a5200b683ae3,40.89828218,-73.82368305,7.2,19,8,
Cozy Cottage Restaurant,Diner,137,1,4c54720972cf0f47df1094d4,40.88633207,-73.82761562,8.3,18,8,Chicken Fingers|Cookie|Turkey Burger|Two Eggs Any Style with Meat|Tunafish Salad Platter
Jimmy's Best Chinese Restaurant,Asian Restaurant,556,1,4c0dac537189c928c871d7b6,40.88417922,-73.83268491,7.2,14,6.8,"Egg Roll (Home Made, 1)|Shrimp Egg Roll (1)|Spring Roll (2)|Fried Wonton (10)|Fried Shrimp Wonton|Pan Fried Wonton|Roast Pork End|Bar-B-Q Spare Ribs|Boneless Spare Ribs|Chicken On a Stick|Chinese Dumplings (Fried Or Steamed)|(Fried Steamed) Vegetable Dumplings|Chicken Dumpling|Shrimp Toast (2)|Crab Rangoon|Crab Stick (5)|Wonton Soup|Wonton Egg Drop Soup|Egg Drop Soup|Chicken Rice Soup|Chicken Noodle Soup|Chicken Yat Gaw Mein (Soft Noodles)|Beef Yat Gaw Mein (Soft Noodles)|Pork Mai Fun (Rice Noodles)|Shrimp Mai Fun (Rice Noodles)|Bean Curd Vegetables|Chicken Vegetables|Hot and Sour Soup|House Special Soup|Seafood Soup|Half Fried Chicken|Fried Chicken Wings (4)|Fried Jumbo Shrimps (5)|Chop Spare Ribs Bar-B-Q|18 Fried Shrimps|Fried Calamari|Fried Fish|Fried Scallops|Vegetable Fried Rice|Plain Fried Rice|Roast Pork Fried Rice|Chicken Fried Rice|Shrimp Fried Rice|Beef Fried Rice|Young Chow Fried Rice|Special Fried Rice|Seafood Fried Rice|Brown Rice|White Rice|Roast Pork Lo Mein|Chicken Lo Mein|Beef Lo Mein|Shrimp Lo Mein|House Special Lo Mein|Vegetable Lo Mein|Plain Lo Mein|Cold Noodles W. Sesame Sc|Seafood Lo Mein|Roast Pork Chow Mein|Chicken Chow Mein|Shrimp Chow Mein|Beef Chow Mein|Vegetable Chow Mein|House Special Chow Mein|Chicken Chop Suey|Pork Chop Suey|Beef Or Shrimp Chop Suey|Vegetable Chop Suey|House Special Chop Suey|Pork Or Chicken Egg Foo Young|Beef Egg Foo Young|Shrimp Egg Foo Young|Vegetable Egg Foo Young|Special Egg Foo Young|Pepper Steak W. Onion|Basil Beef|Beef W. Tomato & Pepper|Beef W. Bean Sprouts|Beef W. Black Bean Sauce|Curry Beef W. Onion|Beef W. Snow Peas|Beef W. Mushroom|Beef W. Broccoli|Beef W. Bean Curd|Beef W. Mixed Chinese Veg.|Roast Pork W. Bean Sprouts|Roast Pork W. Mixed Chinese Veg|Roast Pork W. Black Bean Sc|Roast Pork Almond Ding|Roast Pork W. Mushroom|Roast Pork W. Snow Peas|Roast Pork W. Broccoli|Roast Pork W. Bean Curd|Sweet & Sour Pork|Shrimp W. Snow Peas|Shrimp W. Lobster Sauce|Shrimp Almond Ding|Shrimp W. Chinese Vegetables|Shrimp W. Bean Sprouts|Shrimp W. Pepper & Tomato|Shrimp W. Black Bean Sauce|Curry Sauce Shrimp W. Onion|Shrimp W. Bean Curd|Butterfly Shrimp W. Bacon (8)|Lobster Cantonese Style|Shrimp W. Broccoli|Hot & Spicy Lobster|Shrimp W. Mushrooms|Shrimp W. Triple Green|Shrimp W. Mixed Chinese Veg.|Chicken W. Black Bean Sauce|Curry Chicken W. Onion|Sliced Chicken W. Chinese Veg|Chicken Almond Ding Diced|Sliced Chicken W. Broccoli|Chicken W. Bean Curd|Chicken W. Eggplant|Boneless Chicken W. Chinese Veg|Chicken W. Mushroom|Chicken W. Snow Peas|Chicken W. Mixed Chinese Veg|Sweet & Sour Chicken|Beef Or Shrimp Chow Fun|Chicken Or Pork Chow Fun|Vegetable Chow Fun (No Meat)|Roast Pork Or Chicken Chow Mai Fun|Beef Or Shrimp Chow Mai Fun|Singapore Chow Mai Fun (Curry Sauce)|Ma Po Tofu|Broccoli W. Black Bean Sauce|Chinese Vegetable W. Black Mushrooms|Broccoli W. Bean Curd|Sauteed Mixed Chinese Veg|Broccoli W. Garlic Sauce|Triple Green|Sauteed String Beans|Chicken Chow Mein|Shrimp Chow Mein|Egg Foo Young|Pepper Steak|Roast Pork W. Chinese Vegetables|Shrimp W. Lobster Sauce|Bar-B-Q Spare Ribs|Chicken W. Mixed Chinese Vegetables|Sweet & Sour Pork|Chicken W. Broccoli|General Tso's Chicken|Roast Pork Lo Mein|Chicken Chop Suey|Sesame Chicken|Hunan Chicken Or Pork|Chicken W. Snow Peas|Chicken W. Garlic Sauce|Szechuan Chicken|Moo Shu Pork Or Chicken|Moo Shu Beef Or Shrimp|Chicken W. Hot Pepper Sauce|Seafood Delight|Chicken Or Beef W. Garlicsc|Shrimp W. Garlic Sauce|Shrimp & Scallops W. Garlicsc|Four Seasons|Hot Spicy Shredded Beef|Double Cooked Sliced Pork|Bean Curd Szechuan Style|Diced Shrimp Or Chicken W. Cashew Nuts|Double Delight|Szechuan Taste Chicken Or Pork|Sesame Chicken|Lemon Chicken|General Tso's Chicken|General Tso's Shrimps|Beef Or Chicken W. Orange Flavor|Happy Family|Hunan Delicacy|Shrimp with Chili Sauce|Boneless Ribs|Beef with String Bean|Chicken with Eggplant|Teriyaki Chicken On the Stick|Chicken Asparagus|18 Fried Shrimps|Beef W. Chinese Broccoli (W. White Rice)|Crispy Calamari|Honey Bar-B-Q Chicken|Fried Fish (Flounder)|Shrimp and Noodle with Chilly Meat Sauce (No Rice)|Shrimp and Noodle with Black Bean Meat Sauce (No Rice)"
Pimento Caribbean Restaurant,Caribbean Restaurant,507,1,4c6c47ec1fb2a1434807fbe6,40.88436879,-73.83211204,6.1,11,5.9,
Santa Fe Grill & Bar,Mexican Restaurant,803,1,4b78ba71f964a5209fdf2ee3,40.89147883,-73.89766063,7,11,6.3,"Black Bean Soup|Chicken Soup|Soup of the Day|Santa Fe Nachos|Mini Empanadas|Cajun Fried Calamari|Santa Fe Tostadas|Southwestern Chopped Salad|Caesar Salad|Warm Seafood Salad|Taco Salad|Grilled Chicken, Steak Or Chorizo (2)|Roastead Vegetable Quesadillas (2)|Chicken Burrito|Burrito Colorado|Seafood Burrito|Roasted Vegetables Burrito Verde|Santa Fe Style Chicken Enchiladas|Shrimp Enchiladas|Vegetables Enchilada Verde|Carne Asada|Fajitas|Steak|Pollo|Carnitas|Steak Or Chicken Wrap|Cheeseburger|Guacamole|Guacamole & Chips|French Fries|Sour Cream|Rice & Beans|Tortillas (4)|Deep Fried Vanilla Ice Cream|Vanilla & Kahlua Flan|Pastel De Tres Leches|Coke|Diet Coke|Sprite|Orange Juice|Pink Lemonade|Coffee|Hot Tea|Hot Chocolate|Iced Tea|Milk|Grilled Chicken, Steak Or Chorizo (3)|Roasted Vegetable Quesadillas (3)|Chicken Burrito|Burrito Colorado|Roasted Vegetables Burrito Verde|Enchiladas Rancheras|Puebla Style Enchiladas|Enchiladas Tres Amigos|Chicken Chimichangas|Chiles Rellenos|Camarones Santa Fe|Shrimp Enchiladas|Blackened Or Grilled Salmon|Camarones Al Mojo De Ajo|Arroz Con Camarones|Camarones Al Chipotle|Whole Fried Tilapia|Seafood Burrito|Chicken|Shrimp|Mixed|Steak|Seafood|Vegetables|Grilled New York Steak|T-Bone Steak|Surf and Sturf|Pollo a La Parrilla|Santa Fe Style Chicken Breast|Carne Asada Con Rajas|Tampiquena|Bbq Ribs|Carne Adobada|Cheese Quesadilla|Two Hard Shell Beef Tacos|Cheeseburger|Chicken Fingers|Chicken and Cheese Quesadilla|Guacamole|Guacamole & Chips|French Fries|Sour Cream|Rice & Beans|Tortillas (4)|Vegetables|Deep Fried Vanilla Ice Cream|Kahlua Or Vanilla Flan|Pastel De Tres Leches|Chocolate Brownies|Banana Sopapilla|Coke|Diet Coke|Sprite|Pink Lemonade|Ginger Ale|Iced Tea|Coffee|Hot Tea|Hot Chocolate & Milk|Corona|Corona Light|Heineken|Heineken Light|Negra Modelo|Modelo Especial|Xx Amber|Xx Lager|Pacifico|Tecate|Amstel Light|Coors Light|Budweiser|Pint Draft Beer|Pi??a Partida|Hornitos Plata|Patron Silver|Alma De Agave|Tres Generaciones|Jose Cuervo|1800 Silver|House 4|Don Julio Reposado|Corralejo Silver|Jimador|Centenario|Cazadores|Partida Silver|Patron Cafe|Cabo Wabo Silver|Herradura|Corazon|Conmemorativo|Pinot Giorgio La Francesca|Chardonnay La Cetto Chardonnay|Sauvignon Blanc Casa De Vinos|Merlot Santa Rita|Merlot Casa De Vinos|Merlot Carmen Shiraz Dona Consuelo|Cabernet Sauvignon Casa De Vinos|Carmenere Casa De Vinos|White Sinfadel, Delicato"
Mon Amour Coffee & Wine,Coffee Shop,424,1,5660c06b498e4003dba169a5,40.88500863,-73.90033223,8.1,31,8.4,
Riverdale Garden Restaurant & Lounge,Other Nightlife,852.5,2,4e9d991fd5fbfc17a6b95b70,40.88941057,-73.9001085,5.8,10,5.2,"Asparagus Soup|Baby Spinach|Endive and Watercress|Slow-Roasted Red and Golden Beets|Black Trumpet Mushroom and Leek Risotto|Grilled Marinated Squid|Upstate Smoked Salmon and Trout|Wild Boar Ragu|Pan-Roasted Free Range Chicken Breast|Grilled Wild Striped Bass|Lewis Waite Farm Pork Cutlet|Pecan Crusted Ostrich|Long Island Duck Breast and Cured Leg|Porterhouse of Colorado Lamb|Apricot Brioche French|Strawbery Buttermilk Pancakes|Egg White Frittata|Spicy Chicken Sausage|Pecan Pie|Strawberry-Rhubard Crumble|Mascarpone Cheesecake|Butterscotch, Butterscotch, Butterscotch|Chocolate3|Molten Chocolate"
Goodfella's Pizza,Pizza Place,786.3333333,3,4b638b04f964a52036822ae3,40.88712132,-73.90430121,7.4,10,7.6,"Meatball Parmigiana|Sausage Parmigiana|Chicken Cutlet Parmigiana|Veal Cutlet Parmigiana|Shrimp Parmigiana|Eggplant Parmigiana|Chicken Cutlet Hero|Philly Cheese Steak|Cold Italian Combo|Turkey Hero|Salami & Cheese Hero|Ham, & Cheese Hero|Tuna Sub|Peppers & Eggs|Sausage & Eggs|Ham & Eggs|Sausage & Peppers|Deep Dish Pan Pizza|Personal Pan Pizza|White Pizza|Salad Pizza|Vegetable Pizza|Lasagna Pizza|Baked Ziti Pizza|Chicken Parmigiana Pizza|Mexican Pizza|Hawaiian Pizza|Meat Explosion Pizza|Meat Stuffed Pizza|Vegetable Stuffed|Antipasto Salad|House Tossed Salad|Caesar Salad|Chicken Caesar Salad|Ham & Cheese Salad|Turkey & Cheese Salad|Mozzarella Sticks (6)|Chicken Fingers|Buffalo Wings|Beef Patties|French Fries|French Fries|Fried Cheese Ravioli (8)|Zeppolies (5)|Toppings|Extra|Chicken Noodle Or Vegetable|2 Meatballs|4 Meatballs|2 Sausages|4 Sausages|8 Garlic Knots|Garlic Bread|Garlic Bread|Marinara Sauce|Marinara Sauce|Grated Cheese|Spaghetti, Linguini, Or Ziti|Linguini|Baked Ziti|Spaghetti & Meatballs|Baked Ziti Sorrentine|Lasagna|Manicotti|Cheese Ravioli|Stuffed Shells|Fettuccine Alfredo|Cheese Tortellini Alfredo|Cheese Tortellini Marinara|Penne Ala Vodka|Chicken Francese|Chicken Marsala|Chicken Cutlet Parmigiana|Veal Cutlet Parmigiana|Eggplant Parmigiana|Shrimp Parmigiana|Shrimp Fra Diavolo|Sausage & Peppers|Hot Dog Roll|Hot Dog Roll|Chicken Roll|Cheese Calzones|Chocolate Cake|S&S Cheesecake|Cannoli Fresh|Coke & Pepsi Products|Snapple|Apple Juice|Orange Juice|Spring Water|Any Large Pie|2 Large Pies 1 Topping Each|Garlic Bread with Cheese|Fried Cheese Ravioli|Regular|Regular Combination|Sicilian|Sicilian Combination Pizza|Regular Slice|Sicilian Slice|Each Topping"
Silhouette Restaurant & Lounge,Latin American Restaurant,462,2,4e8b34c561afcc24d9a236ca,40.88070644,-73.90268654,6.9,10,6.7,
Irish Coffee Shop,American Restaurant,580,1,4c543dd2728920a1ce756c82,40.9034488,-73.86647719,7.6,10,7.6,"Garlic Mushrooms|Mozzarella Sticks|Buffalo Wings|Chicken Fingers|Chicken Nuggets (10)|Potato Skins|Onion Rings|Celtic Potatoes|Soup|Beef Burger|Cheese Burger|Bacon Cheese Burger|Chicken Burger|Cod Fish Burger|Irish Seasoned Burger|Irish Burger Deluxe|Side of Curry|Side of Irish Beans|Tuna Wrap|Irish Salad Wrap|Breaded Chicken Wrap|Grilled Chicken Wrap|Irish Ham Toastie|Philly Cheesesteak|Grilled Chicken Toastie|Grilled Chicken|Chicken Cutlet|Grilled Cheese|Grilled Cheese and Bacon|Tuna Melt|Chicken B.L.T.|Roast Beef|Ham and Cheese|White Tuna Salad|Chicken Salad|Roast Chicken|Egg Salad|Irish Salad|Chicken|Cordon Bleu|Turkey|Tuna|Chicken Curry|Irish Sausages, Chips & Beans|Fish and Chips|Irish Mixed Grill|Steak and Eggs|Quiche|Grilled Gammon Steak|Country B.L.T|B.L.T|Chicken Or Turkey Club|Irish B.L.T|Chicken Pot Pie|Steak and Onion Pie|Steak and Onion Pie|Coffee|Barrys Tea|Lipton Tea|Decaf Coffee|Hot Chocolate|Milk|Orange Juice|Small Orange Juice|Apple Juice|Club Orange|Lucozade|Coke|Diet Coke|Seltzer|Iced Coffee|Sprite|Ginger Ale|Cheese Cake|Chocolate Cake|Carrot Cake|Home Made Apple Pie|Rhubarb Pie|Vanilla Ice Cream|Home Made Trifle|Cappuccino Moussecake|Dessert and Ice Cream"
Rory Dolan's,Bar,746,1,4ac7e99bf964a5208cba20e3,40.90488814,-73.86879244,8.7,28,8.8,
Moriarty's Bar & Restaurant,Pub,555,1,4d4f16d29a2a6ea83b05296f,40.9029662,-73.86505893,6.7,11,6.5,
E&L Bakery,Bakery,920.5,2,4cd3edd25366548131a129ed,40.89368629,-73.85723406,6.7,10,6.7,
Caribe Restaurant,Spanish Restaurant,613,1,4b7435aef964a52042cd2de3,40.88258086,-73.88111748,6.9,12,6.1,
El Valled Restaurant,Latin American Restaurant,622,1,4dd02b28d4c065592fa9a7fb,40.88258905,-73.88146673,6.2,10,6.2,
Gary & Gino's Pizzeria,Pizza Place,980,1,4ab7a594f964a5204d7a20e3,40.88600913,-73.87861282,6.1,10,6.1,
Queen of Tacos,Mexican Restaurant,493,1,4e74ebead1643f93b1b05d2c,40.88024598,-73.88368544,7.1,17,7.1,
Roc A Tone Restaurant,Seafood Restaurant,509,1,4cc9e32041e75481e92c5f84,40.88262,-73.86313,8.4,23,8.4,
Applebee's Grill + Bar,American Restaurant,868,2,4bb0ebe3f964a5205c6a3ce3,40.86618631,-73.82647786,6.2,10,6.2,Appetizer Sampler|Spinach & Artichoke Dip|Classic Wings|Cheeseburger Sliders|Mozzarella Sticks|Fiesta Chicken Chopped Salad*|Bruschetta Chicken Salad|Seasonal Berry & Spinach Salad|Grilled Shrimp 'N Spinach Salad|Grilled Chicken Caesar Salad|Sizzling N'awlins Skillet|Grilled Jalapeno-Lime Shrimp*|Blackened Tilapia|Garlic Herb Salmon|Lemon Shrimp Fettuccine|Tomato Basil Soup|Today's Soup with Any Meal|Grilled Or Fried Shrimp|Caesar Salad|Toasted Garlic Bread Basket|Triple Chocolate Meltdown|Maple Butter Pecan Blondie|Chocolate Chip Cookie Sundae|Strawberry Cheesecake Dessert Shooter|Chocolate Mousse Dessert Shooter|Hot Fudge Sundae Dessert Shooter
Subway restaurant,Sandwich Place,831,1,597e5fda8a6f170227f19f29,40.863352,-73.827074,6.6,13,6.6,
Sammy's Fish Box Restaurant,Seafood Restaurant,946,1,4a9ad800f964a5201c3320e3,40.83904088,-73.78356573,7.9,31,7.9,
Crab Shanty,Seafood Restaurant,184,1,4ab6958ef964a520fb7720e3,40.84880668,-73.78721146,7.8,10,7.8,Fried Mozarella Sticks|Chicken Fingers|Buffalo Wings|Fried Calamari|1 Doz Mussels in Garlic Sauce|1 Doz Mussels in Red Sauce|New England Clam Chowder|Manhattan Clam Chowder|Shrimp Cocktail|Scungilli Salad|Calamari Salad|Combination Salad|Oyster Rockefeller (8)|Clams Rockefeller (8)|Ipswish Steamers|1 Doz Littleneck Or Cherrystone Steamers|1 Doz Littleneck Or Cherrystone in Garlic|1 Doz Clams Posolippo (Red Sauce)|A Banquet for Crab Lovers|Barbecue Feast|Italian Feast|Chilled Seafood Combo Platter|Joe V's Deep Divers Feast|Barbecued Baby Back Ribs & Lobster Tail|Barbecued Baby Back Ribs & Whole Lobster|Barbecued Baby Back Ribs & Jumbo Shrimp|Barbecued Chicken & Jumbo Shrimp|12 Oz Ny Shell Steak & Lobster Tail
Sea Shore Restaurant & Marina,Seafood Restaurant,874,1,4bdde3caffdec928b0d7e6a1,40.85432497,-73.79099628,7.6,18,7.6,"Baked Clams Oreganato|Littleneck Or Cherrystone Steamers|Clams Casino a La Sea Shore|Calamari Marinara|Fried Calamari|Escargots a La Bourguignonne|Pot of Mussels Garlic Or Marinara Sauce|Hot Seafood Antipasto|Bucket of Soft Shell Steamers|Snow Crab Leg Cluster|Maryland Lump Crabcakes|Oyster Oregenato|Coconut Shrimp|Buffalo Shrimp|Oysters Rockefeller|Spicy Buffalo Wings|Half Rack of Baby Back Ribs|Fried Zucchini Sticks|Scungilli Marinara|Mozzarella Sticks|Shrimp Prosciutto|Lobster & Crab Ravioli|Fresh Crabmeat Spring Rolls|Jumbo Shrimp Cocktail|King Crabmeat Cocktail|Fresh East Coast (Blue Point) Oysters|Littleneck Or Cherrystone On the 1/2 Shell|Cold Seafood Chiller Platter|Manhattan Clam Chowder|Onion Soup Au Gratin|New England Clam Chowder|Fresh Lobster Bisque|Cold Scungilli Salad|Cold Calamari Salad|Cold Combo Salad|Sea Shore Caesar Salad|Fresh Buffalo Mozzarella & Vine Ripe Tomatoes|Half Avocado Stuffed W/ Crabmeat Or Shrimp|Half Avocado Stuffed W/ 1/2 Lobster Salad|Lobster Martini Cocktail|Maryland Lump Crabmeat Martini|Select Fried Jumbo Shrimp|Tender Fried Sea Scallops|Fried Calamari|Tender Scallops & Shrimp|Fried Porgies|Fried Whole Florida Red Snapper|Tender Fried Filled of Sole|Fried Oysters|Tender Fried Soft Shell Crabs|Tender Chicken Fingers|Fish & Chips|Fried Chicken|Fried Baby Lobster Tails|Sea Shore Fisherman's Fried Seafood Combination|Sole Meuniere|Swordfish Samuel|Shrimp Francese|Sauteed Soft Shell Crabs|Sauteed Scallops|Fresh Vegetables Risotto|Chicken Francese|Jumbo Shrimp Risotto|Sauteed Baby Lobster Tail|Chilean Sea Bass|Sesame Seared Tuna|Seafood Risotto|Tilapia Francese|Spicy Seafood Jambalaya|Lobster Newburg|Shrimp Newburg|Seafood Newburg|Linguine W/ Mussels in Marinara Or Garlic Sauce|Linguine W/ Littleneck Clams in White Or Red Sauce|Linguine W/ Calamari in Marinara Sauce|Linguine W/ Scungilli in Marinara Sauce|Scungilli Cooked in Red Sauce|Fettuccine Primavera|Fettuccine Alfredo in a Cream Sauce|Lobster Marinara Or Fra Diavolo|Linguine Langostino|Fettuccine Arminio|Shrimp Alfredo|Penne Pasta|Penne Pasta Ala Vodka|Seafood Marianara Or Fra Diavolo|Veal Parmigiana Or Veal Francese|Chicken Parmigiana|Shrimp Parmigiana|Shrimp Marinara|Maryland Lump Crab Cake Dinner|Gluten Free Pasta W/ Seasonal Vegetables|Grilled Seasonal Vegetables|Breadless Eggplant Parmigiana|Lobster Feast|Sea Shore Italian Feast|Shellfish Feast|Authentic Seafood Paella|Barbecue Feast|Fillet of Sole|Whole Flounder|Salmon Fillet|Halibut|Swordfish|Tilapia|Scrod|Blue Fish|Stripe Bass|Tuna|Chilean Sea Bass|Whole Red Snapper|Catfish Fillet|Fillet of Sole Florentine|Shrimp Scampi Colossal Select|Sea Shore Broiled Seafood Combination|Filet of Sole|Shrimp Florentine|Grilled Salmon|Shellfish Extravaganza|Wood Planked Whole Roasted Red Snapper|Broiled Sea Scallops & Shrimp|Jumbo Wild Caught Stuffed Shrimp|Caribbean Whole Red Snapper|Tender Broiled Sea Scallops|Bronzini Whole Roasted Mediterranean Sea Bass|Bbq Baby Back Ribs & Fried Shrimp|Bbq Baby Back Ribs & Lobster Tail|Bbq Baby Back Ribs & King Crab Legs|Lobster Tail & Jumbo Fried Shrimp|Lobster Tail & Ny Strip Steak|Lobster Tail & Kings Crab Legs|Filet Mignon & Lobster Tail|Filet Mignon & King Crab Legs|Filet Mignon & Jumbo Fried Shrimp|Prime Rib & Lobster Tail|Alaskan King Crab Legs & Jumbo Fried Shrimp|Shell Steak & Fried Shrimp|Shell Steak & King Crab Legs|Prime Rib of Beef & Whole Maine Lobster|Whole Lobster & Fried Shrimp|Baby Lobster Tails & Sea Scallops|Baby Lobster Tails & Jumbo Shrimp|Baby Lobster Tails, Shrimp & Sea Scallops|Sauteed Spinach|Homemade Potato Croquette|Extra Shrimp|Shore Shell Steak|Porterhouse Steak|T-Bone Steak|Filet Mignon|Full Rack of Bbq Ribs|Prime Rib of Beef|1/2 Broiled Chicken|Bbq Ribs & Chicken|Mediterranean Mignon|Whole 2-Lb. Maine Lobster|Whole Maine Lobster 1-1/4 Lb.|Whole Maine Large Lobster 1-1/2|Twin Lobster Special (2) 1-1/4 Lb.|Jumbo Lobster 3, 4, 5 Lb. & Even Larger|Twin Brazilian|Baby Lobster Tails|Alaskan King Crab Legs|Snow Leg Cluster|Snow Legs & Fried Shrimp|Snow Legs & Baby Tails|Snow Legs & Whole Maine Lobster|Snow Legs & Baby Back Ribs|Snow Legs & Steak|Sea Shore Famous ""Montauk Chiller Seafood Tower""|Traditional New England ""Split Open Lobster Roll""|The Tikki Platter|10 Oz. Lobster Tail|Jumbo Surf & Turf|Tuna Picante|Tar Tar|Sashimi Cucumber Roll|Lobster Tango*|Spicy Lobster*|City Island Roll*|Kani Salad|Seaweed Salad|Avocado Salad|Tuna Avocado Salad|Tuna|Eel|Fluke|Hamachi|Salmon|King Crab|Cucumber|Tuna|Salmon|Crab|Eel|California|Philadelphia|Avocado|Spicy Tuna|Spicy Salmon|King Crab|Scallops|Hamachi|Surf & Turf Roll|Treasure Island Roll|Sea Shore Roll|Golden Dragon Roll|Lobster Tempura Roll|Kamikaze Roll|Fantasty Roll|Dragon Roll|Eel Ala Roll|Rainbow Roll|Crunchy Roll|Volcano Roll|Spider Roll|Shrimp Tempura Roll|Sweetheart Roll|Vegetarian Roll|Out of Control Roll|Frankie Roll|Lobster Bomb Roll|Sushi Dinner|Sashimi Dinner|Sushi & Sashimi Dinner|Dual Boat|Trio Boat|Tilapia Filled|Fillet of Sole|Blue Fish Fillet|Whole Flounder|Whole Red Snapper|Halibut|Alaskan Salmon|Swordfish|Stripe Bass|Boston Scrod|Fish & Chips|Fried Jumbo Shrimp|Shrimp Scampi|Broiled Or Fried Sea Scallops|Fried Seafood Combo|Snow Crab Legs|King Crab Legs|Fried Shrimp & Sea Scallops|Fried Porgies|Fried Whiting|Linguine W/ Marinara Sauce|Linguine W/ White Or Red Clam Sauce|Linguine W/ Calamari|Linguine W/ Mussels in Red Or White Garlic Sauce|Fettuccine Alfredo|Linguine W/ Scungilli|Shrimp Parmigiana|Baby Back Ribs|Bbq Combo Plate|New York Shell Steak|Broiled Combination|Prime Rib of Beef|Tender Fried Chicken|Select Chicken Fingers|Chicken Parmigiana|Veal Cutlet Parmigiana|Shrimp Parmigiana|Luncheon Chiller Seafood Platter|Maine Lobster 1-1/4 Lb.|Lobster Tail Plate|Cold Shrimp Platter|Broiled Baby Lobster Tails|Sea Shore Famous House Salad|Caesar Salad|Mesculin Salad|Grilled Chicken|Sliced Steak|Grilled Salmon|Grilled Shrimp|Crab Cake|Maryland Lump Crab Cake On a Bun|Cajun Catfish On Bun|Kobe Beef Burger Platter 1/2 Lb.|House Steak Sandwich|Grilled Chicken Sandwich Plate|Fried Fillet of Sole On a Bun|Traditional New England ""Split Open Lobster Salad Roll""|Coffee|Tea|Iced Coffee|Iced Tea|Espresso|Cappuccino|Coca Cola|Imported Tap Beer|Domestic Tap Beer|Pitcher of Sangria|Sangria By the Glass|Sm. Pellegrino|Acqua Panna|Poland Spring|Pina Colada|Strawberry Colada|Banana Colada|Creamy Pina Colada|Regular Or Strawberry Margarita|The Ultimate Margarita|Strawberry Or Banana Frozen Daiquiri's|Trouble in Paradise|Frozen Mudslide Or Strawberry Slide|Bahama Breeze|Frankenstein Monster|Tropical Punch|Sex On the Beach|City Island Iced Tea|Classic Stoli Martini|Lemon Drop|Mango Martini|Key Lime Pie Martini|French Martini|Grand Marnier-Tini|Sex & the City|Black Cherry Chocolate|Candy Apple Martini|Finlandia Mangopolitan|Cosmopolitan|Hazeltini|Razzmopolitan|Chocolate Martini|Banana|Strawberry|Peach|Mango|City Island Mojito|Peach Mojito|Razz Mojito|Mango Mojito|Pina Mojito|Wild Berry Mojito|Sour Apple Mojito|Corona Extra, Mexico|Corona Light, Mexico|Heineken, Holland|Heineken Light, Holland|Guinness Extra Irish Stout, Ireland|Red Strip, Jamaica|Amstel Light, Amsterdam|Beck's, Germany|Dos Equis, Mexico|Blue Moon, Belgium|Modelo Dark, Mexico|Budweiser, Usa|Budweiser Light, Usa|Coor's Light, Usa|Samuel Adams, Usa|Michelob Ultra, Usa|Odoul's, Usa"
Sammy's Shrimp Box Restaurant,Seafood Restaurant,891,1,4ba53e04f964a520a7f038e3,40.83955275,-73.78354862,7.5,19,7.5,"Littleneck Or Cherrystone Clams|Blue Point Oysters|Jumbo Shrimp Cocktail (5)|Calamari Salad|Chiller Platter|Baked Clams|Clams Casino (8)|Clams in Garlic Sauce Or Red Sauce (Hot Or Sweet)|Soft Shell Steamers (Ipswich)|Oysters Rockefeller (6)|Fresh Tender Mussels|Fried Calamari|Hot Antipasto|Piri Piri Shrimp Appetizer|Coconut Shrimp|Bang-Bang Shrimp|Mozzarella Sticks|Calamari in Red Sauce (Sweet Or Hot)|Maryland Lump Crab Cakes (1)|Fried Clam Strips|Order of Tostones|Spicy Buffalo Wings|Buffalo Wings & Buffalo Shrimp|Manhattan Clam Chowder|New England Clam Chowder|French Onion Soup|Lobster Bisque|Our Famous Jumbo Fried Shrimp|Fried Coconut Shrimp|Fried Calamari Platter|Fried Day Boat Sea Scallops|Choice of Fried Porgies Or Fried Cod Fish|Fried Whiting|Fried Lobster Tails|Fried Clam Strip Platter|Fried Blue Fish|Fried Oysters|Crispy Soft Shell Crabs (Jumbo (2) Two)|Fried Fillet of Sole|Southern Style Fried Chicken|Fried Whole Red Snapper|Fried Shrimp & Scallops|Authentic Fish & Chips|Chicken Finger Platter|Super Fried Seafood Combo Platter|Shrimp & Fillet of Sole|Shrimp & Porgy|Shrimp & Whiting|Shrimp & Tilapia|Shrimp & Whole Red Snapper|Shrimp & Alaskan Salmon|Shrimp & Stripped Bass|Shrimp & Fried Chicken|Jumbo Shrimp Scampi|Jumbo Stuffed Shrimp|Caribbean Shrimp Scampi|Shrimp Florentine|Deep Sea Scallops a La Scampi|Broiled Shrimp & Scallops|Baked Fillet of Sole|Baked Fillet of Sole Florentine|Fillet of Sale|Baked Ocean Blue Fish|Alaskan Salmon Filet|Baked Atlantic Cod Steak|Baked Whole Red Snapper (Head On)|North Atlantic Swordfish|Whole Striped Bass (Head On)|Fresh Tuna Steak|Wild Tilapia|Chilean Sea Bass (Fresh)|Fresh Halibut Steak|Catfish|Seafood Skewer|Single 7Oz. Lobster Tail|Twin Lobster Tails|Twin Lobster Tail Platter|Jumbo Snow Crab Legs|Crab Leg Combination|Alaskan King Crab Legs|Sammy's Broiled Combination|Maryland Lump Crab Cake Dinner|Traditional New England Split Open Lobster Roll|Red Snapper|Swordfish|Chilean Sea Bass|Halibut|Salmon|Tuna|Whole Striped Bass|Jumbo Shrimp in Garlic Or Red Sauce|Linguine|Calamari|Chicken Francese|Shrimp Francese|Shrimp Risotto|Seafood Risotto|Veggie Risotto|Sammy's Shrimp Parmigiana|Chicken & Shrimp Parmigiana Combo|Eggplant Parmigiana|Chicken Parmigiana|Pot of Succulent Rope Mussels|Pasta Del Mar|Italian Feast|Paella De Espana|The Crab & Lobster Feast|Super Bbq Feast|Cold Seafood Feast|Seafood Chiller|Clam Bake Special|Whole Broiled Or Steamed 1-1/4 Lb. Lobster|Whole Broiled Or Steamed 1-1/2 Lbs. Maine Lobster|Whole Broiled Or Steamed 2 Lbs-Maine Lobster|Jumbo 3 Lbs. 4 Lb. to 5 Lb. Maine Lobster|Whole Maine Lobster & Tender Fried Shrimp|Whole Maine Lobster & Shrimp Scampi|Whole Maine Lobster & Baby Back Ribs|Whole Maine Lobster & New York Shell Steak|2 Lb. Lobster Newburg|Shell Fish Extravaganza|Snow Crab Legs, Lobster Tail & Shrimp|King Crab Legs, Lobster Tail & Fried Shrimp|Lobster Tail, Steak & Fried Shrimp|Twin (2 Whole) 1-1/4 Lb. Lobsters|Snow Crab Legs & Fried Shrimp|Snow Crab Legs & Shrimp Scampi|Snow Crab Legs & Lobster Tail|Snow Crab Legs & Ribs|Snow Crab Legs & Shell Steak|Baby Back Ribs (Pork) & Fried Shrimp|Lobster Tail & Fried Shrimp|Lobster Tail & Baby Back Ribs|Lobster Tail & Filet Mignon|Lobster Tail & N.Y. Shell Steak|New York Steak & Fried Shrimp|Jumbo Fried Shrimp & Filet Mignon|King Crab Legs & Fried Shrimp|King Crab Legs & Baby Back Ribs|King Crab Legs & Shell Steak|King Crab Legs & Lobster Tail|King Crab Legs & Fillet Mignon|Chicken Surf & Turf|Chicago Rib Eye & Shrimp Or 7Oz. Tail|Chicago Style Bone-in Rib Eye Steak (20 Oz.)|16 Oz. Prime Shell Steak|Filet Mignon|Sammy's Famous Sirloin Burger|King Cut Prime Rib|Our Famous Baby Back Ribs (Pork)|Baby Back Pork Ribs with Bbq Chicken|Real Juicy Bbq Chicken|Piri Piri Shrimp Or Red Snapper|Blackened Swordfish Or Halibut|Blackened Chilean Sea Bass|Blackened Salmon|Blackened Tilapia|Jumbo Fried Shrimp|Fisherman's Fried Combo|Authentic Fish & Chips|Fried Porgy|Fried Fillet of Sole|Fried Catfish Platter|Fried Scallops|Jumbo Shrimp Scampi|Jumbo Snow Crab Legs|Broiled Fillet of Sole|Broiled Blue Fish|Fresh Broiled Halibut|Baked Salmon|Broiled Sea Scallops|Broiled Red Snapper|Broiled Lobster Tail|Broiled Seafood Combo|Chicken Fingers|Barbecue Chicken|Baby Back Ribs (Pork)|Bbq Chicken & Ribs (Pork)|Prime Rib|Maryland Lump Crab Cakes|Tilapia|Shrimp Parmigiana|Chicken Parmigiana|Buffalo Wings|Traditional New England Split Open Lobster Roll|Cajun Catfish|Cabo Fish Tacos|Grilled Shrimp Caesar Salad|Chicken Caesar Salad|Sammy's Lobster Special|Shrimp in Red Or Garlic Sauce|Pasta with Red Or White Clam Sauce|Sirloin Burger|Cheeseburger|Mushroom Burger|Bbq Burger|Cajun Burger|Bacon Cheeseburger|Seafood Chiller Platter|Fried Shrimp|Basket of Chicken Fingers|Hamburger Platter|Macaroni & Cheese|Hot Dogs|Fried Chicken|Pasta W/ Marinara Sauce|Rack of Baby Back Ribs (Pork)|English Fish & Chips|Mile High Chocolate Fudge Cake|Special Tall Cheese Cake|Mile High 24-Carrot Layer Cake|Strawberry Short Cake|Chocolate Mousse Cake|Red Velvet Cake|Sammy's Tiramisu|Soft Ice Cream|Tortufo|Orange Or Coconut Sorbet|Lemon Or Pineapple Sorbet|Flan|Tres Leches|Coca Cola|Diet Coke|7-Up|Fanta Orange|Lemonade & Fanta Ginger Ale|Black Sweet Tea|Black Unsweetened & Raspberry Tea|Cranberry|Orange Juice|Grape Fruit Juice|Pineapple Juice|Apple Juice & Homemade Fruit Punch|Iced Coffee|Cappuccino|Espresso|Milk|Coffee Or Tea|An Irish Kiss|Caribbean Coffee|Spanish Coffee|Puerto Rican Coffee|New York Coffee|Bavarian Coffee|Capt Jacks Coffee|Espresso|Espresso Tin|Apple Martini|Limon Cosmo|I Can-Elope Martini|San Juan Tropical Martini|Razz On the Beach|Kinky-Tini|Coco-Locos Martini|Golden Apple Martini|Fuzzy Peach Martini|Watermelon Martini|Banana|Strawberry|Peach|Mango|Raspberry|Cognac (Vsop) , Pineapple Juice, & Cream of Coconut ""Or"" Henny Colada|Pina Colada|Creamy Pina Colada|Strawberry Colada|Banana Colada|Frozen Margaritas|The Ultimate Margarita|Frozen Daquiri's|Kinky Rita|Trouble in Paradise|Frozen Mudslide Or Strawberry Slide|Bahama Breeze|Frankenstein Monster|Tropical Punch|Kinky Lemonade|Sex On the Beach|City Island Iced Tea|City Island Mojito|Fantastic Mojito's|Peach Mojito|Razz Mojito|Mango Mojito|Pina Mojito|Wild Berry Mojito|Sour Apple Mojito|Robert Mondavi ""Private Selection"" Cabernet Sauvignon (California)|Robert Mondavi ""Private Selection"" Merlot (California)|Kendal - Jackson Vintner's Reserve, Cabernet Sauvignon (California)|Hogue Cellars Merlot (California)|Jacob's Creek Shiraz (Australian)|Fetzer Valley Oaks Merlot (California)|Blackstone Pinot Noir (California)|Ruffino Chianti Classico (Italy)|Bolla Valpolicella (Italy)|Louis Jadot Beaujolais Village (France)|Hess Select Chardonnay (Napa, California)|Kendall - Jackson, Vitner's Reserve Chardonnay (Sonama, California)|Chateau St. Jean Chard (California)|Rosemount Estate Chardonnay (Australia)|Clos Du Bois Chardonnay (California)|Ruffino Orvieto Classico (Italy)|Santa Margherita Pinot Grigio (Italy)|Chateau St. Jean Riesling (California)|Fontana Candida Pinot Grigio (Italy)|Bolla Soave (Italy)|Louis Jadot Pouilly Fuisse (France)|Louis Jadot Chardonnay (France)|Snoqualmie|Beringer White Zinfandel (Napa, California)|House Champange|Korbel Brut|Martini & Rossi Asti Spumonti (Italy)|Moet & Chandon Imperial (France)|Dom Perignon Brut Vintage (France)|Cristal (France)|Champagne By the Glass|Chardonnay|Merlot|Shiraz|White Zinfandel|Cabernet Sauvignon|Pinot Noir|Pinot Grigio|Chianti|Homemade Sangria (White Or Red)|Corona Extra (Mexico)|Corona Light (Mexico)|Heineken (Holland)|Heineken Light (Holland)|Modelo Especial (Mexico)|Dos Equis (Espania)|Blue Moon|Guinness Extra Irish Stout|Amstel Light (Holland)|Beck's (Germany)|Presidente (Dom. Republic)|Red Stripe (Jamaica)|Budweiser|Bud Light|Coor's Light|Miller Lite|Yeungling|Samuel Adams|Odouls|Stella Artois|Bud Light Platinum"
City Island Chinese Resturant,Chinese Restaurant,832,1,4bfc652bf14fa593c1f5c9d4,40.84005502,-73.78376282,6.8,10,6.8,
Johnny's Famous Reef Restaurant,Seafood Restaurant,1112,1,4a47cbf1f964a5201daa1fe3,40.83767312,-73.78269478,7.1,17,7.1,
Lobster Box,Seafood Restaurant,1026,1,4ba52024f964a520b1e038e3,40.8384202,-73.78294773,7,10,7,
Nicky's Coffee Shop,Coffee Shop,496,2,4c6d5ce5e6b7b1f7af76a98e,40.87493279,-73.87940405,7.9,15,7.9,
Hung Hing Chinese Restaurant,Chinese Restaurant,533,2,4e4d0387bd413c4cc66dfd72,40.87118121,-73.88675855,6,11,6,
Nicky's Pizza & Ristorante,Pizza Place,494,2,4bff3cf9ca1920a1b598ec81,40.87337459,-73.88050846,5.9,10,5.9,
